id_player,id_team,transfer_period,season,position,year
26,11,Summer,2021/2022,Right-Back,2021
40,11,Summer,2021/2022,Right-Back,2021
149,11,Summer,2021/2022,Right-Back,2021
2886,11,Summer,2021/2022,Right-Back,2021
74,11,Summer,2021/2022,Left Winger,2021
81,11,Summer,2021/2022,Left Winger,2021
2887,11,Summer,2021/2022,Left Winger,2021
110,11,Summer,2021/2022,Centre-Back,2021
139,11,Summer,2021/2022,Centre-Back,2021
2894,11,Summer,2021/2022,Centre-Back,2021
2895,11,Summer,2021/2022,Centre-Back,2021
431,11,Summer,2021/2022,Goalkeeper,2021
2892,11,Summer,2021/2022,Goalkeeper,2021
2900,11,Summer,2021/2022,Goalkeeper,2021
4188,11,Summer,2021/2022,Goalkeeper,2021
804,11,Summer,2021/2022,Left Midfield,2021
2893,11,Summer,2021/2022,Left Midfield,2021
1327,11,Summer,2021/2022,Defensive Midfield,2021
1336,11,Summer,2021/2022,Defensive Midfield,2021
2888,11,Summer,2021/2022,Defensive Midfield,2021
2902,11,Summer,2021/2022,Defensive Midfield,2021
1706,11,Summer,2021/2022,Centre-Back,2021
1723,11,Summer,2021/2022,Centre-Back,2021
1767,11,Summer,2021/2022,Centre-Back,2021
1775,11,Summer,2021/2022,Centre-Back,2021
2889,11,Summer,2021/2022,Centre-Back,2021
1743,11,Summer,2021/2022,Goalkeeper,2021
2890,11,Summer,2021/2022,Goalkeeper,2021
2891,11,Summer,2021/2022,Goalkeeper,2021
2903,11,Winter,2021/2022,Goalkeeper,2021
3026,11,Winter,2021/2022,Goalkeeper,2021
192,6,Summer,2021/2022,Central Midfield,2021
261,6,Summer,2021/2022,Central Midfield,2021
2767,6,Summer,2021/2022,Central Midfield,2021
2782,6,Summer,2021/2022,Central Midfield,2021
539,6,Summer,2021/2022,Left Midfield,2021
562,6,Summer,2021/2022,Left Midfield,2021
2765,6,Summer,2021/2022,Left Midfield,2021
2771,6,Summer,2021/2022,Left Midfield,2021
585,6,Summer,2021/2022,Centre-Forward,2021
2768,6,Summer,2021/2022,Centre-Forward,2021
2773,6,Summer,2021/2022,Centre-Forward,2021
1561,6,Summer,2021/2022,Right-Back,2021
2769,6,Summer,2021/2022,Right-Back,2021
2783,6,Summer,2021/2022,Right-Back,2021
2537,6,Summer,2021/2022,Left Winger,2021
2757,6,Summer,2021/2022,Left Winger,2021
2758,6,Summer,2021/2022,Right Winger,2021
2759,6,Summer,2021/2022,Goalkeeper,2021
4176,6,Summer,2021/2022,Goalkeeper,2021
2760,6,Summer,2021/2022,Attacking Midfield,2021
2761,6,Summer,2021/2022,Goalkeeper,2021
2777,6,Summer,2021/2022,Goalkeeper,2021
3486,6,Summer,2021/2022,Goalkeeper,2021
2762,6,Summer,2021/2022,Left Winger,2021
2780,6,Summer,2021/2022,Left Winger,2021
2763,6,Summer,2021/2022,Left Winger,2021
2785,6,Summer,2021/2022,Left Winger,2021
3251,6,Summer,2021/2022,Left Winger,2021
2764,6,Summer,2021/2022,Right Winger,2021
2784,6,Summer,2021/2022,Right Winger,2021
2766,6,Summer,2021/2022,Left Winger,2021
2779,6,Summer,2021/2022,Left Winger,2021
4842,6,Summer,2021/2022,Left Winger,2021
2770,6,Summer,2021/2022,Centre-Back,2021
2781,6,Summer,2021/2022,Centre-Back,2021
3246,6,Summer,2021/2022,Centre-Back,2021
3015,6,Winter,2021/2022,Attacking Midfield,2021
3511,6,Winter,2021/2022,Attacking Midfield,2021
41,36,Summer,2021/2022,Left-Back,2021
2701,36,Summer,2021/2022,Left-Back,2021
2700,36,Summer,2021/2022,Left Winger,2021
2796,36,Summer,2021/2022,Left Winger,2021
2702,36,Summer,2021/2022,Left Winger,2021
2772,36,Summer,2021/2022,Left Winger,2021
2703,36,Summer,2021/2022,Goalkeeper,2021
2704,36,Summer,2021/2022,Right Winger,2021
2705,36,Summer,2021/2022,Right Winger,2021
2718,36,Summer,2021/2022,Right Winger,2021
4033,36,Summer,2021/2022,Right Winger,2021
4048,36,Summer,2021/2022,Right Winger,2021
2706,36,Summer,2021/2022,Left-Back,2021
2717,36,Summer,2021/2022,Left-Back,2021
4085,36,Summer,2021/2022,Left-Back,2021
4098,36,Summer,2021/2022,Left-Back,2021
2707,36,Summer,2021/2022,Central Midfield,2021
2715,36,Summer,2021/2022,Central Midfield,2021
43,18,Summer,2021/2022,Right Winger,2021
2973,18,Summer,2021/2022,Right Winger,2021
66,18,Summer,2021/2022,Centre-Forward,2021
2978,18,Summer,2021/2022,Centre-Forward,2021
2987,18,Summer,2021/2022,Centre-Forward,2021
336,18,Summer,2021/2022,Centre-Forward,2021
2345,18,Summer,2021/2022,Centre-Forward,2021
2981,18,Summer,2021/2022,Centre-Forward,2021
2995,18,Summer,2021/2022,Centre-Forward,2021
558,18,Summer,2021/2022,Centre-Forward,2021
2976,18,Summer,2021/2022,Centre-Forward,2021
1403,18,Summer,2021/2022,Left-Back,2021
1406,18,Summer,2021/2022,Left-Back,2021
2971,18,Summer,2021/2022,Left-Back,2021
2998,18,Summer,2021/2022,Left-Back,2021
2972,18,Summer,2021/2022,Goalkeeper,2021
2974,18,Summer,2021/2022,Centre-Back,2021
2975,18,Summer,2021/2022,Right Midfield,2021
3000,18,Summer,2021/2022,Right Midfield,2021
2977,18,Summer,2021/2022,Central Midfield,2021
2986,18,Summer,2021/2022,Central Midfield,2021
2991,18,Summer,2021/2022,Central Midfield,2021
2977,18,Summer,2021/2022,Central Midfield,2021
2986,18,Summer,2021/2022,Central Midfield,2021
2991,18,Summer,2021/2022,Central Midfield,2021
2979,18,Summer,2021/2022,Goalkeeper,2021
2992,18,Summer,2021/2022,Goalkeeper,2021
4004,18,Summer,2021/2022,Goalkeeper,2021
4029,18,Summer,2021/2022,Goalkeeper,2021
2980,18,Summer,2021/2022,Central Midfield,2021
2996,18,Summer,2021/2022,Central Midfield,2021
4486,18,Summer,2021/2022,Central Midfield,2021
4504,18,Summer,2021/2022,Central Midfield,2021
2982,18,Summer,2021/2022,Right-Back,2021
2983,18,Summer,2021/2022,Left-Back,2021
2993,18,Summer,2021/2022,Left-Back,2021
4903,18,Summer,2021/2022,Left-Back,2021
5147,18,Summer,2021/2022,Left-Back,2021
2984,18,Summer,2021/2022,Centre-Forward,2021
2990,18,Summer,2021/2022,Centre-Forward,2021
4906,18,Summer,2021/2022,Centre-Forward,2021
2985,18,Summer,2021/2022,Central Midfield,2021
4908,18,Summer,2021/2022,Central Midfield,2021
3031,18,Winter,2021/2022,Central Midfield,2021
3032,18,Winter,2021/2022,Centre-Back,2021
3033,18,Winter,2021/2022,Centre-Back,2021
60,2,Summer,2021/2022,Centre-Back,2021
2787,2,Summer,2021/2022,Centre-Back,2021
373,2,Summer,2021/2022,Right Winger,2021
406,2,Summer,2021/2022,Right Winger,2021
2792,2,Summer,2021/2022,Right Winger,2021
2799,2,Summer,2021/2022,Right Winger,2021
575,2,Summer,2021/2022,Left Winger,2021
2786,2,Summer,2021/2022,Left Winger,2021
1702,2,Summer,2021/2022,Right-Back,2021
2795,2,Summer,2021/2022,Right-Back,2021
1776,2,Summer,2021/2022,Centre-Forward,2021
2788,2,Summer,2021/2022,Centre-Forward,2021
1841,2,Summer,2021/2022,Attacking Midfield,2021
2790,2,Summer,2021/2022,Attacking Midfield,2021
2797,2,Summer,2021/2022,Attacking Midfield,2021
2531,2,Summer,2021/2022,Centre-Back,2021
2546,2,Summer,2021/2022,Centre-Back,2021
2791,2,Summer,2021/2022,Centre-Back,2021
2801,2,Summer,2021/2022,Centre-Back,2021
2540,2,Summer,2021/2022,Goalkeeper,2021
2789,2,Summer,2021/2022,Goalkeeper,2021
2793,2,Summer,2021/2022,Left-Back,2021
2800,2,Summer,2021/2022,Left-Back,2021
2824,2,Summer,2021/2022,Left-Back,2021
2861,2,Summer,2021/2022,Left-Back,2021
2794,2,Summer,2021/2022,Right Winger,2021
2802,2,Summer,2021/2022,Right Winger,2021
3017,2,Summer,2021/2022,Right Winger,2021
4003,2,Summer,2021/2022,Right Winger,2021
4597,2,Summer,2021/2022,Right Winger,2021
2794,2,Winter,2021/2022,Right Winger,2021
2802,2,Winter,2021/2022,Right Winger,2021
3017,2,Winter,2021/2022,Right Winger,2021
4003,2,Winter,2021/2022,Right Winger,2021
4597,2,Winter,2021/2022,Right Winger,2021
2559,31,Summer,2021/2022,Attacking Midfield,2021
4083,31,Summer,2021/2022,Attacking Midfield,2021
2617,31,Summer,2021/2022,Left Midfield,2021
4088,31,Summer,2021/2022,Left Midfield,2021
2674,31,Summer,2021/2022,Centre-Back,2021
4082,31,Summer,2021/2022,Centre-Back,2021
2706,31,Summer,2021/2022,Left-Back,2021
2717,31,Summer,2021/2022,Left-Back,2021
4085,31,Summer,2021/2022,Left-Back,2021
4098,31,Summer,2021/2022,Left-Back,2021
2844,31,Summer,2021/2022,Goalkeeper,2021
4084,31,Summer,2021/2022,Goalkeeper,2021
4080,31,Summer,2021/2022,Attacking Midfield,2021
4081,31,Summer,2021/2022,Right Winger,2021
4553,31,Summer,2021/2022,Right Winger,2021
4086,31,Summer,2021/2022,Left Winger,2021
4096,31,Summer,2021/2022,Left Winger,2021
4087,31,Summer,2021/2022,Centre-Back,2021
4099,31,Winter,2021/2022,Right-Back,2021
4548,31,Winter,2021/2022,Right-Back,2021
4605,31,Winter,2021/2022,Right-Back,2021
4644,31,Winter,2021/2022,Right-Back,2021
4604,31,Winter,2021/2022,Centre-Back,2021
4606,31,Winter,2021/2022,Goalkeeper,2021
4608,31,Winter,2021/2022,Goalkeeper,2021
1307,22,Summer,2021/2022,Central Midfield,2021
2819,22,Summer,2021/2022,Central Midfield,2021
2612,22,Summer,2021/2022,Centre-Back,2021
2817,22,Summer,2021/2022,Centre-Back,2021
2637,22,Summer,2021/2022,Central Midfield,2021
2652,22,Summer,2021/2022,Central Midfield,2021
2825,22,Summer,2021/2022,Central Midfield,2021
2862,22,Summer,2021/2022,Central Midfield,2021
2756,22,Summer,2021/2022,Centre-Back,2021
2821,22,Summer,2021/2022,Centre-Back,2021
2793,22,Summer,2021/2022,Left-Back,2021
2800,22,Summer,2021/2022,Left-Back,2021
2824,22,Summer,2021/2022,Left-Back,2021
2861,22,Summer,2021/2022,Left-Back,2021
2814,22,Summer,2021/2022,Left Winger,2021
2815,22,Summer,2021/2022,Right Winger,2021
2816,22,Summer,2021/2022,Centre-Forward,2021
2818,22,Summer,2021/2022,Left-Back,2021
2863,22,Summer,2021/2022,Left-Back,2021
2820,22,Summer,2021/2022,Goalkeeper,2021
2876,22,Summer,2021/2022,Goalkeeper,2021
2822,22,Summer,2021/2022,Defensive Midfield,2021
3728,22,Summer,2021/2022,Defensive Midfield,2021
2823,22,Summer,2021/2022,Attacking Midfield,2021
4397,22,Summer,2021/2022,Attacking Midfield,2021
2826,22,Summer,2021/2022,Right Winger,2021
2856,22,Summer,2021/2022,Right Winger,2021
4301,22,Summer,2021/2022,Right Winger,2021
4323,22,Summer,2021/2022,Right Winger,2021
2827,22,Summer,2021/2022,Centre-Forward,2021
2851,22,Summer,2021/2022,Centre-Forward,2021
4568,22,Summer,2021/2022,Centre-Forward,2021
4588,22,Summer,2021/2022,Centre-Forward,2021
2828,22,Summer,2021/2022,Right-Back,2021
3021,22,Summer,2021/2022,Right-Back,2021
4402,22,Summer,2021/2022,Right-Back,2021
4624,22,Summer,2021/2022,Right-Back,2021
2829,22,Summer,2021/2022,Goalkeeper,2021
2852,22,Summer,2021/2022,Goalkeeper,2021
2830,22,Summer,2021/2022,Left-Back,2021
2847,22,Summer,2021/2022,Left-Back,2021
2831,22,Summer,2021/2022,Central Midfield,2021
2840,22,Summer,2021/2022,Central Midfield,2021
2858,22,Summer,2021/2022,Central Midfield,2021
2831,22,Summer,2021/2022,Central Midfield,2021
2840,22,Summer,2021/2022,Central Midfield,2021
2858,22,Summer,2021/2022,Central Midfield,2021
2832,22,Summer,2021/2022,Attacking Midfield,2021
2839,22,Summer,2021/2022,Attacking Midfield,2021
2850,22,Summer,2021/2022,Attacking Midfield,2021
4216,22,Summer,2021/2022,Attacking Midfield,2021
4238,22,Summer,2021/2022,Attacking Midfield,2021
2832,22,Summer,2021/2022,Attacking Midfield,2021
2839,22,Summer,2021/2022,Attacking Midfield,2021
2850,22,Summer,2021/2022,Attacking Midfield,2021
4216,22,Summer,2021/2022,Attacking Midfield,2021
4238,22,Summer,2021/2022,Attacking Midfield,2021
2833,22,Summer,2021/2022,Left-Back,2021
2853,22,Summer,2021/2022,Left-Back,2021
4443,22,Summer,2021/2022,Left-Back,2021
4459,22,Summer,2021/2022,Left-Back,2021
2834,22,Summer,2021/2022,Centre-Back,2021
2854,22,Summer,2021/2022,Centre-Back,2021
2835,22,Summer,2021/2022,Goalkeeper,2021
2857,22,Summer,2021/2022,Goalkeeper,2021
2836,22,Summer,2021/2022,Left Winger,2021
2849,22,Summer,2021/2022,Left Winger,2021
2837,22,Summer,2021/2022,Centre-Back,2021
2838,22,Summer,2021/2022,Centre-Back,2021
2860,22,Summer,2021/2022,Centre-Back,2021
2578,12,Summer,2021/2022,Centre-Back,2021
2600,12,Summer,2021/2022,Centre-Back,2021
4566,12,Summer,2021/2022,Centre-Back,2021
4586,12,Summer,2021/2022,Centre-Back,2021
2827,12,Summer,2021/2022,Centre-Forward,2021
2851,12,Summer,2021/2022,Centre-Forward,2021
4568,12,Summer,2021/2022,Centre-Forward,2021
4588,12,Summer,2021/2022,Centre-Forward,2021
3990,12,Summer,2021/2022,Central Midfield,2021
4564,12,Summer,2021/2022,Central Midfield,2021
4501,12,Summer,2021/2022,Centre-Back,2021
4569,12,Summer,2021/2022,Centre-Back,2021
4565,12,Summer,2021/2022,Left Midfield,2021
4567,12,Summer,2021/2022,Central Midfield,2021
4589,12,Summer,2021/2022,Central Midfield,2021
4570,12,Summer,2021/2022,Centre-Back,2021
4571,12,Summer,2021/2022,Centre-Back,2021
4573,12,Summer,2021/2022,Centre-Back,2021
4645,12,Winter,2021/2022,Centre-Forward,2021
372,16,Summer,2021/2022,Centre-Back,2021
407,16,Summer,2021/2022,Centre-Back,2021
2805,16,Summer,2021/2022,Centre-Back,2021
2810,16,Summer,2021/2022,Centre-Back,2021
2514,16,Summer,2021/2022,Central Midfield,2021
2804,16,Summer,2021/2022,Central Midfield,2021
2806,16,Summer,2021/2022,Centre-Forward,2021
2808,16,Summer,2021/2022,Centre-Forward,2021
2809,16,Winter,2021/2022,Goalkeeper,2021
3018,16,Winter,2021/2022,Goalkeeper,2021
2811,16,Winter,2021/2022,Central Midfield,2021
3019,16,Winter,2021/2022,Central Midfield,2021
3020,16,Winter,2021/2022,Central Midfield,2021
2811,16,Winter,2021/2022,Central Midfield,2021
3019,16,Winter,2021/2022,Central Midfield,2021
3020,16,Winter,2021/2022,Central Midfield,2021
548,29,Summer,2021/2022,Left Winger,2021
557,29,Summer,2021/2022,Left Winger,2021
2725,29,Summer,2021/2022,Left Winger,2021
4204,29,Summer,2021/2022,Left Winger,2021
1037,29,Summer,2021/2022,Defensive Midfield,2021
2722,29,Summer,2021/2022,Defensive Midfield,2021
2721,29,Summer,2021/2022,Centre-Forward,2021
2723,29,Summer,2021/2022,Centre-Back,2021
2875,29,Summer,2021/2022,Centre-Back,2021
2724,29,Summer,2021/2022,Left-Back,2021
2880,29,Summer,2021/2022,Left-Back,2021
2726,29,Summer,2021/2022,Central Midfield,2021
2727,29,Summer,2021/2022,Right Winger,2021
2729,29,Summer,2021/2022,Right Winger,2021
2728,29,Summer,2021/2022,Centre-Back,2021
2733,29,Winter,2021/2022,Centre-Back,2021
3014,29,Winter,2021/2022,Centre-Back,2021
666,14,Summer,2021/2022,Left Winger,2021
2528,14,Summer,2021/2022,Left Winger,2021
1453,14,Summer,2021/2022,Right-Back,2021
1474,14,Summer,2021/2022,Right-Back,2021
2535,14,Summer,2021/2022,Right-Back,2021
2541,14,Summer,2021/2022,Right-Back,2021
1653,14,Summer,2021/2022,Left-Back,2021
2530,14,Summer,2021/2022,Left-Back,2021
2527,14,Summer,2021/2022,Right Winger,2021
2841,14,Summer,2021/2022,Right Winger,2021
2529,14,Summer,2021/2022,Centre-Forward,2021
2874,14,Summer,2021/2022,Centre-Forward,2021
2531,14,Summer,2021/2022,Centre-Back,2021
2546,14,Summer,2021/2022,Centre-Back,2021
2791,14,Summer,2021/2022,Centre-Back,2021
2801,14,Summer,2021/2022,Centre-Back,2021
2532,14,Summer,2021/2022,Central Midfield,2021
2533,14,Summer,2021/2022,Centre-Forward,2021
3002,14,Summer,2021/2022,Centre-Forward,2021
4371,14,Summer,2021/2022,Centre-Forward,2021
4621,14,Summer,2021/2022,Centre-Forward,2021
2534,14,Summer,2021/2022,Central Midfield,2021
2543,14,Summer,2021/2022,Central Midfield,2021
4485,14,Summer,2021/2022,Central Midfield,2021
4503,14,Summer,2021/2022,Central Midfield,2021
2536,14,Summer,2021/2022,Centre-Forward,2021
2538,14,Summer,2021/2022,Centre-Forward,2021
2542,14,Winter,2021/2022,Centre-Forward,2021
3001,14,Winter,2021/2022,Centre-Forward,2021
831,26,Summer,2021/2022,Centre-Forward,2021
4127,26,Summer,2021/2022,Centre-Forward,2021
4129,26,Summer,2021/2022,Centre-Forward,2021
4063,26,Summer,2021/2022,Defensive Midfield,2021
4121,26,Summer,2021/2022,Defensive Midfield,2021
4137,26,Summer,2021/2022,Defensive Midfield,2021
4602,26,Summer,2021/2022,Defensive Midfield,2021
4610,26,Summer,2021/2022,Defensive Midfield,2021
4063,26,Winter,2021/2022,Defensive Midfield,2021
4121,26,Winter,2021/2022,Defensive Midfield,2021
4137,26,Winter,2021/2022,Defensive Midfield,2021
4602,26,Winter,2021/2022,Defensive Midfield,2021
4610,26,Winter,2021/2022,Defensive Midfield,2021
4106,26,Summer,2021/2022,Right Winger,2021
4119,26,Summer,2021/2022,Right Winger,2021
4134,26,Summer,2021/2022,Right Winger,2021
4120,26,Summer,2021/2022,Centre-Forward,2021
4280,26,Summer,2021/2022,Centre-Forward,2021
4122,26,Summer,2021/2022,Centre-Back,2021
4123,26,Summer,2021/2022,Left Midfield,2021
4611,26,Summer,2021/2022,Left Midfield,2021
4124,26,Summer,2021/2022,Attacking Midfield,2021
4125,26,Summer,2021/2022,Central Midfield,2021
4126,26,Summer,2021/2022,Right Winger,2021
4138,26,Summer,2021/2022,Right Winger,2021
4128,26,Summer,2021/2022,Left Winger,2021
4136,26,Summer,2021/2022,Left Winger,2021
4410,26,Summer,2021/2022,Left Winger,2021
4432,26,Summer,2021/2022,Left Winger,2021
4139,26,Winter,2021/2022,Centre-Forward,2021
4609,26,Winter,2021/2022,Centre-Forward,2021
1064,13,Summer,2021/2022,Goalkeeper,2021
1068,13,Summer,2021/2022,Goalkeeper,2021
2959,13,Summer,2021/2022,Goalkeeper,2021
4207,13,Summer,2021/2022,Goalkeeper,2021
1813,13,Summer,2021/2022,Left Winger,2021
2962,13,Summer,2021/2022,Left Winger,2021
2965,13,Summer,2021/2022,Left Winger,2021
5115,13,Summer,2021/2022,Left Winger,2021
2639,13,Summer,2021/2022,Centre-Back,2021
2955,13,Summer,2021/2022,Centre-Back,2021
2933,13,Summer,2021/2022,Centre-Back,2021
2958,13,Summer,2021/2022,Centre-Back,2021
2956,13,Summer,2021/2022,Attacking Midfield,2021
3639,13,Summer,2021/2022,Attacking Midfield,2021
2957,13,Summer,2021/2022,Defensive Midfield,2021
3541,13,Summer,2021/2022,Defensive Midfield,2021
2960,13,Summer,2021/2022,Defensive Midfield,2021
2964,13,Summer,2021/2022,Defensive Midfield,2021
2970,13,Summer,2021/2022,Defensive Midfield,2021
4383,13,Summer,2021/2022,Defensive Midfield,2021
4403,13,Summer,2021/2022,Defensive Midfield,2021
2960,13,Summer,2021/2022,Defensive Midfield,2021
2964,13,Summer,2021/2022,Defensive Midfield,2021
2970,13,Summer,2021/2022,Defensive Midfield,2021
4383,13,Summer,2021/2022,Defensive Midfield,2021
4403,13,Summer,2021/2022,Defensive Midfield,2021
2961,13,Summer,2021/2022,Right Winger,2021
2967,13,Summer,2021/2022,Right Winger,2021
4341,13,Summer,2021/2022,Right Winger,2021
2963,13,Summer,2021/2022,Centre-Back,2021
2968,13,Summer,2021/2022,Centre-Back,2021
1135,25,Summer,2021/2022,Centre-Back,2021
1138,25,Summer,2021/2022,Centre-Back,2021
2660,25,Summer,2021/2022,Centre-Back,2021
4203,25,Summer,2021/2022,Centre-Back,2021
2659,25,Summer,2021/2022,Centre-Back,2021
2661,25,Summer,2021/2022,Centre-Forward,2021
2662,25,Summer,2021/2022,Attacking Midfield,2021
4471,25,Summer,2021/2022,Attacking Midfield,2021
2663,25,Summer,2021/2022,Central Midfield,2021
2932,25,Summer,2021/2022,Central Midfield,2021
2664,25,Summer,2021/2022,Attacking Midfield,2021
2675,25,Summer,2021/2022,Attacking Midfield,2021
2665,25,Summer,2021/2022,Goalkeeper,2021
2666,25,Summer,2021/2022,Central Midfield,2021
2679,25,Summer,2021/2022,Central Midfield,2021
2667,25,Summer,2021/2022,Centre-Back,2021
1186,20,Summer,2021/2022,Central Midfield,2021
4544,20,Summer,2021/2022,Central Midfield,2021
2740,20,Summer,2021/2022,Centre-Back,2021
2752,20,Summer,2021/2022,Centre-Back,2021
4547,20,Summer,2021/2022,Centre-Back,2021
4563,20,Summer,2021/2022,Centre-Back,2021
2878,20,Summer,2021/2022,Centre-Forward,2021
4540,20,Summer,2021/2022,Centre-Forward,2021
3346,20,Summer,2021/2022,Centre-Forward,2021
4542,20,Summer,2021/2022,Centre-Forward,2021
4099,20,Summer,2021/2022,Right-Back,2021
4548,20,Summer,2021/2022,Right-Back,2021
4605,20,Summer,2021/2022,Right-Back,2021
4644,20,Summer,2021/2022,Right-Back,2021
4110,20,Summer,2021/2022,Second Striker,2021
4546,20,Summer,2021/2022,Second Striker,2021
4112,20,Summer,2021/2022,Central Midfield,2021
4545,20,Summer,2021/2022,Central Midfield,2021
4541,20,Summer,2021/2022,Central Midfield,2021
4543,20,Summer,2021/2022,Centre-Forward,2021
4550,20,Summer,2021/2022,Centre-Forward,2021
4559,20,Summer,2021/2022,Centre-Forward,2021
4543,20,Summer,2021/2022,Centre-Forward,2021
4550,20,Summer,2021/2022,Centre-Forward,2021
4559,20,Summer,2021/2022,Centre-Forward,2021
4549,20,Summer,2021/2022,Right Winger,2021
4560,20,Summer,2021/2022,Right Winger,2021
4551,20,Summer,2021/2022,Right Winger,2021
4643,20,Summer,2021/2022,Right Winger,2021
4558,20,Winter,2021/2022,Goalkeeper,2021
4642,20,Winter,2021/2022,Goalkeeper,2021
1879,35,Summer,2021/2022,Goalkeeper,2021
2699,35,Summer,2021/2022,Goalkeeper,2021
4484,35,Summer,2021/2022,Goalkeeper,2021
2534,35,Summer,2021/2022,Central Midfield,2021
2543,35,Summer,2021/2022,Central Midfield,2021
4485,35,Summer,2021/2022,Central Midfield,2021
4503,35,Summer,2021/2022,Central Midfield,2021
2742,35,Summer,2021/2022,Centre-Back,2021
2754,35,Summer,2021/2022,Centre-Back,2021
4483,35,Summer,2021/2022,Centre-Back,2021
4505,35,Summer,2021/2022,Centre-Back,2021
2980,35,Summer,2021/2022,Central Midfield,2021
2996,35,Summer,2021/2022,Central Midfield,2021
4486,35,Summer,2021/2022,Central Midfield,2021
4504,35,Summer,2021/2022,Central Midfield,2021
4346,35,Summer,2021/2022,Left-Back,2021
4368,35,Summer,2021/2022,Left-Back,2021
4490,35,Summer,2021/2022,Left-Back,2021
4499,35,Summer,2021/2022,Left-Back,2021
4487,35,Summer,2021/2022,Centre-Forward,2021
4491,35,Summer,2021/2022,Centre-Forward,2021
4500,35,Summer,2021/2022,Centre-Forward,2021
4487,35,Summer,2021/2022,Centre-Forward,2021
4491,35,Summer,2021/2022,Centre-Forward,2021
4500,35,Summer,2021/2022,Centre-Forward,2021
4488,35,Summer,2021/2022,Attacking Midfield,2021
4489,35,Summer,2021/2022,Central Midfield,2021
4492,35,Summer,2021/2022,Goalkeeper,2021
4498,35,Summer,2021/2022,Goalkeeper,2021
4493,35,Summer,2021/2022,Goalkeeper,2021
2494,3,Summer,2021/2022,Centre-Back,2021
2598,3,Summer,2021/2022,Centre-Back,2021
3007,3,Summer,2021/2022,Centre-Back,2021
3010,3,Summer,2021/2022,Centre-Back,2021
4511,3,Summer,2021/2022,Centre-Back,2021
4641,3,Summer,2021/2022,Centre-Back,2021
2567,3,Summer,2021/2022,Right Winger,2021
2572,3,Summer,2021/2022,Right Winger,2021
2599,3,Summer,2021/2022,Right Winger,2021
4513,3,Summer,2021/2022,Right Winger,2021
4538,3,Summer,2021/2022,Right Winger,2021
2848,3,Summer,2021/2022,Central Midfield,2021
4510,3,Summer,2021/2022,Central Midfield,2021
2918,3,Summer,2021/2022,Central Midfield,2021
2954,3,Summer,2021/2022,Central Midfield,2021
4514,3,Summer,2021/2022,Central Midfield,2021
4516,3,Summer,2021/2022,Central Midfield,2021
4536,3,Summer,2021/2022,Central Midfield,2021
2918,3,Summer,2021/2022,Central Midfield,2021
2954,3,Summer,2021/2022,Central Midfield,2021
4514,3,Summer,2021/2022,Central Midfield,2021
4516,3,Summer,2021/2022,Central Midfield,2021
4536,3,Summer,2021/2022,Central Midfield,2021
2935,3,Summer,2021/2022,Centre-Back,2021
4507,3,Summer,2021/2022,Centre-Back,2021
3056,3,Summer,2021/2022,Centre-Back,2021
3078,3,Summer,2021/2022,Centre-Back,2021
4520,3,Summer,2021/2022,Centre-Back,2021
4531,3,Summer,2021/2022,Centre-Back,2021
3821,3,Summer,2021/2022,Right-Back,2021
3841,3,Summer,2021/2022,Right-Back,2021
4518,3,Summer,2021/2022,Right-Back,2021
4528,3,Summer,2021/2022,Right-Back,2021
4090,3,Summer,2021/2022,Centre-Forward,2021
4506,3,Summer,2021/2022,Centre-Forward,2021
4224,3,Summer,2021/2022,Right-Back,2021
4508,3,Summer,2021/2022,Right-Back,2021
4329,3,Summer,2021/2022,Centre-Forward,2021
4337,3,Summer,2021/2022,Centre-Forward,2021
4517,3,Summer,2021/2022,Centre-Forward,2021
4521,3,Summer,2021/2022,Centre-Forward,2021
4535,3,Summer,2021/2022,Centre-Forward,2021
4329,3,Summer,2021/2022,Centre-Forward,2021
4337,3,Summer,2021/2022,Centre-Forward,2021
4517,3,Summer,2021/2022,Centre-Forward,2021
4521,3,Summer,2021/2022,Centre-Forward,2021
4535,3,Summer,2021/2022,Centre-Forward,2021
4335,3,Winter,2021/2022,Goalkeeper,2021
4638,3,Winter,2021/2022,Goalkeeper,2021
4509,3,Summer,2021/2022,Goalkeeper,2021
4512,3,Summer,2021/2022,Attacking Midfield,2021
4582,3,Summer,2021/2022,Attacking Midfield,2021
4515,3,Summer,2021/2022,Central Midfield,2021
4523,3,Summer,2021/2022,Central Midfield,2021
4519,3,Summer,2021/2022,Centre-Back,2021
4524,3,Summer,2021/2022,Centre-Back,2021
4537,3,Winter,2021/2022,Goalkeeper,2021
4640,3,Winter,2021/2022,Goalkeeper,2021
4639,3,Winter,2021/2022,Right-Back,2021
2576,5,Summer,2021/2022,Centre-Back,2021
2582,5,Summer,2021/2022,Centre-Back,2021
2595,5,Summer,2021/2022,Centre-Back,2021
3261,5,Summer,2021/2022,Centre-Back,2021
4034,5,Summer,2021/2022,Centre-Back,2021
4049,5,Summer,2021/2022,Centre-Back,2021
2705,5,Summer,2021/2022,Right Winger,2021
2718,5,Summer,2021/2022,Right Winger,2021
4033,5,Summer,2021/2022,Right Winger,2021
4048,5,Summer,2021/2022,Right Winger,2021
4031,5,Summer,2021/2022,Left-Back,2021
4032,5,Summer,2021/2022,Defensive Midfield,2021
4600,5,Summer,2021/2022,Defensive Midfield,2021
4035,5,Summer,2021/2022,Central Midfield,2021
4050,5,Summer,2021/2022,Central Midfield,2021
4036,5,Summer,2021/2022,Centre-Back,2021
4037,5,Summer,2021/2022,Centre-Forward,2021
4038,5,Summer,2021/2022,Centre-Back,2021
4046,5,Winter,2021/2022,Right Winger,2021
4599,5,Winter,2021/2022,Right Winger,2021
2614,21,Summer,2021/2022,Centre-Back,2021
4441,21,Summer,2021/2022,Centre-Back,2021
2833,21,Summer,2021/2022,Left-Back,2021
2853,21,Summer,2021/2022,Left-Back,2021
4443,21,Summer,2021/2022,Left-Back,2021
4459,21,Summer,2021/2022,Left-Back,2021
2920,21,Summer,2021/2022,Centre-Forward,2021
2943,21,Summer,2021/2022,Centre-Forward,2021
4442,21,Summer,2021/2022,Centre-Forward,2021
4460,21,Summer,2021/2022,Centre-Forward,2021
4197,21,Summer,2021/2022,Central Midfield,2021
4435,21,Summer,2021/2022,Central Midfield,2021
4262,21,Summer,2021/2022,Centre-Back,2021
4440,21,Summer,2021/2022,Centre-Back,2021
4313,21,Summer,2021/2022,Goalkeeper,2021
4436,21,Summer,2021/2022,Goalkeeper,2021
4434,21,Summer,2021/2022,Central Midfield,2021
4437,21,Summer,2021/2022,Centre-Forward,2021
4575,21,Summer,2021/2022,Centre-Forward,2021
4438,21,Summer,2021/2022,Right-Back,2021
4439,21,Summer,2021/2022,Central Midfield,2021
4581,21,Summer,2021/2022,Central Midfield,2021
4444,21,Summer,2021/2022,Left Winger,2021
4456,21,Summer,2021/2022,Left Winger,2021
4445,21,Summer,2021/2022,Central Midfield,2021
4453,21,Summer,2021/2022,Central Midfield,2021
4446,21,Summer,2021/2022,Centre-Forward,2021
4457,21,Summer,2021/2022,Centre-Forward,2021
4452,21,Winter,2021/2022,Centre-Back,2021
4633,21,Winter,2021/2022,Centre-Back,2021
4454,21,Winter,2021/2022,Left-Back,2021
4632,21,Winter,2021/2022,Left-Back,2021
4455,21,Winter,2021/2022,Centre-Forward,2021
4634,21,Winter,2021/2022,Centre-Forward,2021
4635,21,Winter,2021/2022,Goalkeeper,2021
4636,21,Winter,2021/2022,Goalkeeper,2021
2794,10,Summer,2021/2022,Right Winger,2021
2802,10,Summer,2021/2022,Right Winger,2021
3017,10,Summer,2021/2022,Right Winger,2021
4003,10,Summer,2021/2022,Right Winger,2021
4597,10,Summer,2021/2022,Right Winger,2021
2937,10,Summer,2021/2022,Centre-Forward,2021
4001,10,Summer,2021/2022,Centre-Forward,2021
2979,10,Summer,2021/2022,Goalkeeper,2021
2992,10,Summer,2021/2022,Goalkeeper,2021
4004,10,Summer,2021/2022,Goalkeeper,2021
4029,10,Summer,2021/2022,Goalkeeper,2021
3998,10,Summer,2021/2022,Right Winger,2021
3999,10,Summer,2021/2022,Defensive Midfield,2021
4527,10,Summer,2021/2022,Defensive Midfield,2021
4000,10,Summer,2021/2022,Second Striker,2021
4002,10,Summer,2021/2022,Centre-Back,2021
4598,10,Summer,2021/2022,Centre-Back,2021
4005,10,Summer,2021/2022,Left-Back,2021
4030,10,Summer,2021/2022,Left-Back,2021
4006,10,Summer,2021/2022,Right Winger,2021
4026,10,Summer,2021/2022,Right Winger,2021
4007,10,Summer,2021/2022,Attacking Midfield,2021
4023,10,Summer,2021/2022,Attacking Midfield,2021
4008,10,Summer,2021/2022,Centre-Forward,2021
4025,10,Summer,2021/2022,Centre-Forward,2021
4009,10,Summer,2021/2022,Attacking Midfield,2021
4024,10,Summer,2021/2022,Attacking Midfield,2021
4010,10,Summer,2021/2022,Goalkeeper,2021
4022,10,Summer,2021/2022,Goalkeeper,2021
4011,10,Summer,2021/2022,Central Midfield,2021
4017,10,Summer,2021/2022,Central Midfield,2021
4012,10,Summer,2021/2022,Right Winger,2021
4013,10,Summer,2021/2022,Right Winger,2021
4028,10,Winter,2021/2022,Centre-Back,2021
4592,10,Winter,2021/2022,Centre-Back,2021
4593,10,Winter,2021/2022,Goalkeeper,2021
4594,10,Winter,2021/2022,Goalkeeper,2021
2832,34,Summer,2021/2022,Attacking Midfield,2021
2839,34,Summer,2021/2022,Attacking Midfield,2021
2850,34,Summer,2021/2022,Attacking Midfield,2021
4216,34,Summer,2021/2022,Attacking Midfield,2021
4238,34,Summer,2021/2022,Attacking Midfield,2021
4070,34,Summer,2021/2022,Right-Back,2021
4210,34,Summer,2021/2022,Right-Back,2021
4208,34,Summer,2021/2022,Goalkeeper,2021
4209,34,Summer,2021/2022,Left-Back,2021
4211,34,Summer,2021/2022,Centre-Forward,2021
4212,34,Summer,2021/2022,Centre-Back,2021
4213,34,Summer,2021/2022,Centre-Back,2021
4281,34,Summer,2021/2022,Centre-Back,2021
4214,34,Summer,2021/2022,Centre-Forward,2021
4613,34,Summer,2021/2022,Centre-Forward,2021
4215,34,Summer,2021/2022,Centre-Back,2021
4239,34,Summer,2021/2022,Centre-Back,2021
4217,34,Summer,2021/2022,Centre-Forward,2021
4219,34,Summer,2021/2022,Centre-Forward,2021
4237,34,Summer,2021/2022,Centre-Forward,2021
4217,34,Summer,2021/2022,Centre-Forward,2021
4219,34,Summer,2021/2022,Centre-Forward,2021
4237,34,Summer,2021/2022,Centre-Forward,2021
4218,34,Summer,2021/2022,Goalkeeper,2021
4220,34,Summer,2021/2022,Centre-Back,2021
4233,34,Summer,2021/2022,Centre-Back,2021
4221,34,Summer,2021/2022,Centre-Back,2021
4232,34,Summer,2021/2022,Centre-Back,2021
4241,27,Summer,2021/2022,Central Midfield,2021
4242,27,Summer,2021/2022,Central Midfield,2021
4283,27,Summer,2021/2022,Central Midfield,2021
4243,27,Summer,2021/2022,Right Winger,2021
4244,27,Summer,2021/2022,Centre-Forward,2021
4245,27,Summer,2021/2022,Right Winger,2021
4265,27,Summer,2021/2022,Right Winger,2021
4246,27,Summer,2021/2022,Centre-Back,2021
4266,27,Summer,2021/2022,Centre-Back,2021
4247,27,Summer,2021/2022,Defensive Midfield,2021
4267,27,Summer,2021/2022,Defensive Midfield,2021
4248,27,Summer,2021/2022,Defensive Midfield,2021
4249,27,Summer,2021/2022,Goalkeeper,2021
4264,27,Summer,2021/2022,Goalkeeper,2021
4250,27,Summer,2021/2022,Central Midfield,2021
4257,27,Summer,2021/2022,Central Midfield,2021
4258,27,Summer,2021/2022,Central Midfield,2021
4251,27,Summer,2021/2022,Centre-Back,2021
4259,27,Summer,2021/2022,Centre-Back,2021
4252,27,Summer,2021/2022,Centre-Forward,2021
4263,27,Summer,2021/2022,Centre-Forward,2021
4253,27,Summer,2021/2022,Left Winger,2021
4261,27,Summer,2021/2022,Left Winger,2021
